Time / s,C1.v / V,C2.v / V,G.v / V,L.v / V,Nr.v / V,Ro.v / V
0.0,4.0,0.0,-4.0,0.0,4.0,0.0
5.0,3.882737874984741,0.10942607372999191,-3.7733118534088135,0.10923496633768082,3.882737874984741,0.00019110887660644948
10.0,3.8029463291168213,0.21158291399478912,-3.5913634300231934,0.2108350396156311,3.8029463291168213,0.0007478674524463713
15.0,3.756023645401001,0.3062680661678314,-3.4497554302215576,0.3046235144138336,3.756023645401001,0.0016445559449493885
20.0,3.7373855113983154,0.3932543694972992,-3.3441312313079834,0.39040082693099976,3.7373855113983154,0.0028535248711705208
25.0,3.742689847946167,0.47230449318885803,-3.270385265350342,0.46795833110809326,3.742689847946167,0.004346139263361692
30.0,3.7679507732391357,0.5431881546974182,-3.2247626781463623,0.5370947122573853,3.7679507732391357,0.006093444302678108
35.0,3.8094027042388916,0.6056914329528809,-3.2037112712860107,0.5976256132125854,3.8094027042388916,0.00806587003171444
40.0,3.863532066345215,0.6596216559410095,-3.2039103507995605,0.649388313293457,3.863532066345215,0.010233299806714058
45.0,3.927082061767578,0.7048119902610779,-3.2222702503204346,0.6922468543052673,3.927082061767578,0.012565135024487972
50.0,3.996931314468384,0.7411396503448486,-3.255791664123535,0.7261093854904175,3.996931314468384,0.015030265785753727
55.0,4.070194721221924,0.7685191631317139,-3.301675796508789,0.7509218454360962,4.070194721221924,0.017597325146198273
60.0,4.144175052642822,0.7869163155555725,-3.3572585582733154,0.7666814923286438,4.144175052642822,0.020234815776348114
65.0,4.21637487411499,0.7963525652885437,-3.420022487640381,0.7734411358833313,4.21637487411499,0.02291145734488964
70.0,4.284499645233154,0.7969004511833191,-3.4875991344451904,0.7713043689727783,4.284499645233154,0.02559605985879898
75.0,4.346455097198486,0.788694441318512,-3.55776047706604,0.760436475276947,4.346455097198486,0.02825799770653248
80.0,4.400350093841553,0.7719285488128662,-3.6284215450286865,0.741061270236969,4.400350093841553,0.030867332592606544
85.0,4.444497108459473,0.746856689453125,-3.6976404190063477,0.7134617567062378,4.444497108459473,0.03339492902159691
90.0,4.47741174697876,0.7137928009033203,-3.7636189460754395,0.6779798865318298,4.47741174697876,0.03581290319561958
95.0,4.4978156089782715,0.6731141209602356,-3.8247013092041016,0.6350193619728088,4.4978156089782715,0.03809472545981407
100.0,4.504634857177734,0.6252562999725342,-3.8793785572052,0.5850411057472229,4.504634857177734,0.040215201675891876
105.0,4.497004508972168,0.5707123875617981,-3.9262921810150146,0.5285618305206299,4.497004508972168,0.04215056449174881
110.0,4.474266529083252,0.5100400447845459,-3.964226245880127,0.4661608636379242,4.474266529083252,0.04387915879487991
115.0,4.435961723327637,0.44382718205451965,-3.9921345710754395,0.39844563603401184,4.435961723327637,0.04538155719637871
120.0,4.381842136383057,0.37271979451179504,-4.009122371673584,0.32607924938201904,4.381842136383057,0.04664052650332451
125.0,4.311864852905273,0.2974146604537964,-4.0144500732421875,0.24977344274520874,4.311864852905273,0.04764123633503914
130.0,4.226156234741211,0.2186167985200882,-4.00753927230835,0.1702459156513214,4.226156234741211,0.048370879143476486
135.0,4.125066757202148,0.1370895653963089,-3.9879770278930664,0.08826965093612671,4.125066757202148,0.048819903284311295
140.0,4.009121417999268,0.05361264944076538,-3.9555084705352783,0.0046313852071762085,4.009121417999268,0.04898126423358917
145.0,3.8789875507354736,-0.0310317724943161,-3.9100193977355957,-0.0798819288611412,3.8789875507354736,0.048850156366825104
150.0,3.7355504035949707,-0.11602842807769775,-3.851578712463379,-0.16445383429527283,3.7355504035949707,0.04842539131641388
155.0,3.5798184871673584,-0.20056870579719543,-3.7803871631622314,-0.24827678501605988,3.5798184871673584,0.04770808294415474
160.0,3.412933588027954,-0.2838500738143921,-3.6967835426330566,-0.33055201172828674,3.412933588027954,0.04670194163918495
165.0,3.236210823059082,-0.3650681972503662,-3.6012790203094482,-0.41048240661621094,3.236210823059082,0.045414216816425323
170.0,3.0510358810424805,-0.44344571232795715,-3.4944815635681152,-0.48729968070983887,3.0510358810424805,0.04385396093130112
175.0,2.8589236736297607,-0.5182245373725891,-3.377148151397705,-0.5602579116821289,2.8589236736297607,0.04203338921070099
180.0,2.6614906787872314,-0.5886754393577576,-3.2501659393310547,-0.6286429762840271,2.6614906787872314,0.03996754810214043
185.0,2.4603798389434814,-0.6541101336479187,-3.114489793777466,-0.6917828917503357,2.4603798389434814,0.03767278790473938
190.0,2.2573375701904297,-0.713882327079773,-2.971220016479492,-0.7490512728691101,2.2573375701904297,0.035168904811143875
195.0,2.054136276245117,-0.7673959732055664,-2.8215322494506836,-0.799873411655426,2.054136276245117,0.03247744217514992
200.0,1.8525474071502686,-0.8141067028045654,-2.666654109954834,-0.8437278270721436,1.8525474071502686,0.029621146619319916
205.0,1.6543798446655273,-0.8535385727882385,-2.507918357849121,-0.8801640868186951,1.6543798446655273,0.02662552520632744
210.0,1.4614131450653076,-0.8852741122245789,-2.3466873168945312,-0.9087910056114197,1.4614131450653076,0.023516932502388954
215.0,1.2753921747207642,-0.9089634418487549,-2.1843557357788086,-0.9292862415313721,1.2753921747207642,0.020322807133197784
220.0,1.0980277061462402,-0.9243423938751221,-2.0223701000213623,-0.9414145946502686,1.0980277061462402,0.017072241753339767
222.89312744140625,1.0,-0.9293604493141174,-1.9293605089187622,-0.9445374608039856,1.0,0.015176980756223202
225.0,0.9283775687217712,-0.9312219619750977,-1.8595995903015137,-0.9450165033340454,0.9283775687217712,0.013794565573334694
230.0,0.7460952401161194,-0.9298878908157349,-1.6759830713272095,-0.9404083490371704,0.7460952401161194,0.010520447045564651
235.0,0.546890377998352,-0.9210472106933594,-1.4679375886917114,-0.9283226132392883,0.546890377998352,0.007275447249412537
240.0,0.3311319947242737,-0.9055072665214539,-1.2366392612457275,-0.9095902442932129,0.3311319947242737,0.00408294890075922
245.0,0.09902608394622803,-0.884174644947052,-0.98320072889328,-0.8851397633552551,0.09902608394622803,0.0009651505388319492
250.0,-0.1494830846786499,-0.8580108880996704,-0.7085278034210205,-0.8559516668319702,-0.1494830846786499,-0.0020591893699020147
255.0,-0.41476428508758545,-0.8280137181282043,-0.4132494330406189,-0.8230383992195129,-0.41476428508758545,-0.0049753026105463505
260.0,-0.6975191831588745,-0.7952145338058472,-0.09769535064697266,-0.7874425053596497,-0.6975191831588745,-0.00777203356847167
265.0,-0.99883633852005,-0.7606790661811829,0.23815728724002838,-0.7502371072769165,-0.99883633852005,-0.010441936552524567
265.0187072753906,-1.0,-0.7605479955673218,0.2394520342350006,-0.7500962615013123,-1.0,-0.01045167911797762
270.0,-1.2934964895248413,-0.7252428531646729,0.5682536363601685,-0.7122617363929749,-1.2934964895248413,-0.012981124222278595
275.0,-1.5563651323318481,-0.6887909173965454,0.8675742149353027,-0.6734040975570679,-1.5563651323318481,-0.015386865474283695
280.0,-1.78937828540802,-0.651049017906189,1.138329267501831,-0.6333932280540466,-1.78937828540802,-0.017655756324529648
285.0,-1.9943630695343018,-0.6117990612983704,1.3825639486312866,-0.5920155644416809,-1.9943630695343018,-0.019783494994044304
290.0,-2.173067808151245,-0.5708783864974976,1.602189540863037,-0.5491133332252502,-2.173067808151245,-0.02176501229405403
295.0,-2.327019453048706,-0.528207004070282,1.7988123893737793,-0.504612147808075,-2.327019453048706,-0.02359483391046524
300.0,-2.4575953483581543,-0.48377329111099243,1.973821997642517,-0.45850589871406555,-2.4575953483581543,-0.02526737190783024
305.0,-2.566091775894165,-0.4376201629638672,2.128471612930298,-0.4108429551124573,-2.566091775894165,-0.026777219027280807
310.0,-2.653719902038574,-0.3898460566997528,2.263874053955078,-0.36172690987586975,-2.653719902038574,-0.02811916545033455
315.0,-2.7215898036956787,-0.34061139822006226,2.3809783458709717,-0.31132304668426514,-2.7215898036956787,-0.029288344085216522
320.0,-2.7707929611206055,-0.29011571407318115,2.4806771278381348,-0.2598351836204529,-2.7707929611206055,-0.030280504375696182
325.0,-2.8024253845214844,-0.23859378695487976,2.5638315677642822,-0.20750150084495544,-2.8024253845214844,-0.031092284247279167
330.0,-2.8175697326660156,-0.18631301820278168,2.6312568187713623,-0.15459172427654266,-2.8175697326660156,-0.03172130510210991
335.0,-2.8172874450683594,-0.13357974588871002,2.6837077140808105,-0.10141380876302719,-2.8172874450683594,-0.03216593712568283
340.0,-2.802668571472168,-0.08071509003639221,2.7219536304473877,-0.048289161175489426,-2.802668571472168,-0.03242592513561249
345.0,-2.7747981548309326,-0.028067640960216522,2.7467305660247803,0.004434369504451752,-2.7747981548309326,-0.032502010464668274
350.0,-2.734779119491577,0.024000030010938644,2.758779287338257,0.0563962385058403,-2.734779119491577,-0.03239620849490166
355.0,-2.6837339401245117,0.07511990517377853,2.7588539123535156,0.1072317361831665,-2.6837339401245117,-0.032111842185258865
360.0,-2.6227951049804688,0.12490684539079666,2.747702121734619,0.1565602570772171,-2.6227951049804688,-0.03165341913700104
365.0,-2.5531201362609863,0.17298506200313568,2.726105213165283,0.20401190221309662,-2.5531201362609863,-0.031026840209960938
370.0,-2.4758799076080322,0.2189774066209793,2.694857358932495,0.24921666085720062,-2.4758799076080322,-0.030239256098866463
375.0,-2.3922619819641113,0.2625194489955902,2.6547813415527344,0.2918185591697693,-2.3922619819641113,-0.029299123212695122
380.0,-2.3034582138061523,0.303257554769516,2.606715679168701,0.33147361874580383,-2.3034582138061523,-0.02821606583893299
385.0,-2.21066951751709,0.3408568799495697,2.5515263080596924,0.36785781383514404,-2.21066951751709,-0.027000928297638893
390.0,-2.1150903701782227,0.375000923871994,2.490091323852539,0.4006665050983429,-2.1150903701782227,-0.025665583088994026
395.0,-2.0179100036621094,0.4053983688354492,2.4233083724975586,0.42962130904197693,-2.0179100036621094,-0.02422294206917286
400.0,-1.9203029870986938,0.4317849278450012,2.35208797454834,0.45447176694869995,-1.9203029870986938,-0.022686822339892387
405.0,-1.823421835899353,0.45392706990242004,2.2773489952087402,0.4749988913536072,-1.823421835899353,-0.02107180655002594
410.0,-1.7283928394317627,0.47162559628486633,2.2000184059143066,0.49101880192756653,-1.7283928394317627,-0.019393211230635643
415.0,-1.6363084316253662,0.4847191274166107,2.1210274696350098,0.5023860931396484,-1.6363084316253662,-0.017666952684521675
420.0,-1.5482158660888672,0.4930792450904846,2.041295051574707,0.5089885592460632,-1.5482158660888672,-0.015909329056739807
425.0,-1.4651157855987549,0.4966224730014801,1.9617382287979126,0.5107595324516296,-1.4651157855987549,-0.01413706224411726
430.0,-1.3879544734954834,0.4953102469444275,1.8832646608352661,0.5076773762702942,-1.3879544734954834,-0.012367132119834423
435.0,-1.3176084756851196,0.48913997411727905,1.806748390197754,0.4997563362121582,-1.3176084756851196,-0.010616348125040531
440.0,-1.2548797130584717,0.4781494438648224,1.7330291271209717,0.48705071210861206,-1.2548797130584717,-0.008901271037757397
445.0,-1.2004977464675903,0.4624347686767578,1.6629325151443481,0.4696733355522156,-1.2004977464675903,-0.007238570135086775
450.0,-1.1551053524017334,0.4421294331550598,1.5972347259521484,0.4477737545967102,-1.1551053524017334,-0.005644330754876137
455.0,-1.1192612648010254,0.41738417744636536,1.536645531654358,0.42151790857315063,-1.1192612648010254,-0.0041337390430271626
460.0,-1.093415379524231,0.3884277045726776,1.4818429946899414,0.3911493420600891,-1.093415379524231,-0.0027216419111937284
465.0,-1.077924370765686,0.35551443696022034,1.433438777923584,0.35693633556365967,-1.077924370765686,-0.0014218883588910103
470.0,-1.0730725526809692,0.31890884041786194,1.3919814825057983,0.31915614008903503,-1.0730725526809692,-0.00024732574820518494
475.0,-1.0789960622787476,0.2789475917816162,1.3579436540603638,0.27815717458724976,-1.0789960622787476,0.0007903886726126075
480.0,-1.0957441329956055,0.23598617315292358,1.3317303657531738,0.23430539667606354,-1.0957441329956055,0.0016807643696665764
485.0,-1.1233015060424805,0.19039104878902435,1.313692569732666,0.18797674775123596,-1.1233015060424805,0.002414288930594921
490.0,-1.1614899635314941,0.14258116483688354,1.304071068763733,0.1395977884531021,-1.1614899635314941,0.002983374986797571
495.0,-1.21005117893219,0.09298843890428543,1.3030396699905396,0.08960673958063126,-1.21005117893219,0.0033816969953477383
500.0,-1.2686606645584106,0.042051345109939575,1.3107119798660278,0.03844725340604782,-1.2686606645584106,0.0036040879786014557
505.0,-1.33684241771698,-0.009756680577993393,1.3270857334136963,-0.013404272496700287,-1.33684241771698,0.0036475928500294685
510.0,-1.414048433303833,-0.06195952743291855,1.3520889282226562,-0.06547016650438309,-1.414048433303833,0.0035106372088193893
515.0,-1.4996695518493652,-0.1140855997800827,1.3855839967727661,-0.1172785609960556,-1.4996695518493652,0.0031929584220051765
520.0,-1.5929628610610962,-0.1656433343887329,1.4273195266723633,-0.16833995282649994,-1.5929628610610962,0.002696623792871833
525.0,-1.693130612373352,-0.21615144610404968,1.47697913646698,-0.21817651391029358,-1.693130612373352,0.0020250598900020123
530.0,-1.7993327379226685,-0.2651435434818268,1.534189224243164,-0.2663264870643616,-1.7993327379226685,0.0011829361319541931
535.0,-1.9106143712997437,-0.31215256452560425,1.5984617471694946,-0.3123299181461334,-1.9106143712997437,0.0001773475669324398
540.0,-2.025991439819336,-0.356732040643692,1.6692594289779663,-0.35574856400489807,-2.025991439819336,-0.0009834615048021078
545.0,-2.144458532333374,-0.3984580338001251,1.7460004091262817,-0.3961678743362427,-2.144458532333374,-0.002290175063535571
550.0,-2.264927387237549,-0.43692806363105774,1.827999234199524,-0.43319690227508545,-2.264927387237549,-0.003731165546923876
555.0,-2.3863232135772705,-0.47176626324653625,1.9145569801330566,-0.46647194027900696,-2.3863232135772705,-0.00529433274641633
560.0,-2.5075454711914062,-0.5026300549507141,2.004915475845337,-0.49566397070884705,-2.5075454711914062,-0.006966105196624994
565.0,-2.6274759769439697,-0.5292137265205383,2.098262310028076,-0.5204821825027466,-2.6274759769439697,-0.008731523528695107
570.0,-2.74501895904541,-0.5512398481369019,2.1937789916992188,-0.540664553642273,-2.74501895904541,-0.010575320571660995
575.0,-2.859079360961914,-0.5684818029403687,2.290597677230835,-0.5560010075569153,-2.859079360961914,-0.012480811215937138
580.0,-2.9685912132263184,-0.5807514786720276,2.3878397941589355,-0.5663206577301025,-2.9685912132263184,-0.014430837705731392
585.0,-3.0725245475769043,-0.5879003405570984,2.4846243858337402,-0.5714924335479736,-3.0725245475769043,-0.01640792191028595
590.0,-3.1698904037475586,-0.5898364782333374,2.5800538063049316,-0.5714426636695862,-3.1698904037475586,-0.01839384064078331
595.0,-3.2597546577453613,-0.5865058302879333,2.6732490062713623,-0.5661353468894958,-3.2597546577453613,-0.0203704833984375
600.0,-3.341248035430908,-0.5779063701629639,2.7633414268493652,-0.5555867552757263,-3.341248035430908,-0.022319618612527847
605.0,-3.4135730266571045,-0.5640913248062134,2.8494815826416016,-0.5398682951927185,-3.4135730266571045,-0.024223007261753082
610.0,-3.476004123687744,-0.5451452136039734,2.930858850479126,-0.5190821886062622,-3.476004123687744,-0.026063019409775734
615.0,-3.5279150009155273,-0.52121901512146,3.0066962242126465,-0.49339672923088074,-3.5279150009155273,-0.027822256088256836
620.0,-3.568767547607422,-0.49250373244285583,3.076263666152954,-0.4630196988582611,-3.568767547607422,-0.029484033584594727
625.0,-3.5981101989746094,-0.4592263698577881,3.1388838291168213,-0.4281938672065735,-3.5981101989746094,-0.03103250078856945
630.0,-3.6156187057495117,-0.4216744005680084,3.193944215774536,-0.3892216682434082,-3.6156187057495117,-0.03245275840163231
635.0,-3.6210525035858154,-0.3801623284816742,3.2408900260925293,-0.3464314341545105,-3.6210525035858154,-0.03373091295361519
640.0,-3.614288330078125,-0.3350469768047333,3.2792413234710693,-0.30019262433052063,-3.614288330078125,-0.03485435992479324
645.0,-3.5953304767608643,-0.2867288291454315,3.3086016178131104,-0.25091689825057983,-3.5953304767608643,-0.03581192344427109
650.0,-3.564256429672241,-0.23562228679656982,3.328634262084961,-0.19902868568897247,-3.564256429672241,-0.03659359738230705
655.0,-3.5212960243225098,-0.18218764662742615,3.339108467102051,-0.14499637484550476,-3.5212960243225098,-0.03719126805663109
660.0,-3.466775894165039,-0.12690366804599762,3.339872360229492,-0.08930531144142151,-3.466775894165039,-0.03759835287928581
665.0,-3.4011106491088867,-0.07026118785142899,3.3308494091033936,-0.03245142847299576,-3.4011106491088867,-0.03780975937843323
670.0,-3.3248565196990967,-0.012779667973518372,3.312077045440674,0.025042910128831863,-3.3248565196990967,-0.037822578102350235
675.0,-3.2386412620544434,0.045019954442977905,3.283661127090454,0.08265530318021774,-3.2386412620544434,-0.037635352462530136
680.0,-3.1431949138641357,0.10260876268148422,3.2458035945892334,0.13985732197761536,-3.1431949138641357,-0.037248555570840836
685.0,-3.039358615875244,0.15945136547088623,3.198809862136841,0.19611616432666779,-3.039358615875244,-0.036664802581071854
690.0,-2.928010940551758,0.21502511203289032,3.143036127090454,0.25091296434402466,-2.928010940551758,-0.03588785603642464
695.0,-2.8101494312286377,0.2688080668449402,3.0789575576782227,0.3037320375442505,-2.8101494312286377,-0.034923989325761795
700.0,-2.6868228912353516,0.32029393315315247,3.0071167945861816,0.35407495498657227,-2.6868228912353516,-0.03378100320696831
705.0,-2.5591161251068115,0.3689965605735779,2.928112506866455,0.4014645516872406,-2.5591161251068115,-0.03246800974011421
710.0,-2.428194522857666,0.41445034742355347,2.8426449298858643,0.44544675946235657,-2.428194522857666,-0.030996399000287056
715.0,-2.2952370643615723,0.4562167525291443,2.7514538764953613,0.48559534549713135,-2.2952370643615723,-0.029378589242696762
720.0,-2.161451578140259,0.4938892126083374,2.6553409099578857,0.5215177536010742,-2.161451578140259,-0.027628513053059578
725.0,-2.028075695037842,0.5270982980728149,2.555173873901367,0.5528600811958313,-2.028075695037842,-0.025761770084500313
730.0,-1.8963254690170288,0.5555069446563721,2.4518322944641113,0.5793013572692871,-1.8963254690170288,-0.023794421926140785
735.0,-1.767431616783142,0.578827977180481,2.346259593963623,0.6005722284317017,-1.767431616783142,-0.021744228899478912
740.0,-1.64259934425354,0.5968170166015625,2.2394163608551025,0.6164466142654419,-1.64259934425354,-0.019629616290330887
745.0,-1.5229966640472412,0.6092708706855774,2.132267475128174,0.6267402768135071,-1.5229966640472412,-0.017469393089413643
750.0,-1.4097594022750854,0.6160475611686707,2.0258069038391113,0.6313309669494629,-1.4097594022750854,-0.015283404849469662
755.0,-1.3039687871932983,0.6170467734336853,1.9210155010223389,0.6301382780075073,-1.3039687871932983,-0.013091523200273514
760.0,-1.206642746925354,0.6122228503227234,1.8188656568527222,0.6231366395950317,-1.206642746925354,-0.010913826525211334
765.0,-1.1187257766723633,0.6015924215316772,1.7203181982040405,0.6103630065917969,-1.1187257766723633,-0.008770599029958248
770.0,-1.0410914421081543,0.5852064490318298,1.6262978315353394,0.5918880701065063,-1.0410914421081543,-0.006681600119918585
772.9825439453125,-1.0,0.5727405548095703,1.5727405548095703,0.5782099962234497,-1.0,-0.0054694488644599915
775.0,-0.9735923409461975,0.5631961822509766,1.5367885828018188,0.5678627490997314,-0.9735923409461975,-0.004666547756642103
780.0,-0.9089253544807434,0.5358869433403015,1.444812297821045,0.5386319160461426,-0.9089253544807434,-0.002744978526607156
785.0,-0.8465365767478943,0.5037444233894348,1.350281000137329,0.5046775937080383,-0.8465365767478943,-0.0009331416804343462
790.0,-0.7879593968391418,0.4672633409500122,1.2552226781845093,0.46650925278663635,-0.7879593968391418,0.000754073029384017
795.0,-0.7348255515098572,0.4269663989543915,1.1617919206619263,0.4246639311313629,-0.7348255515098572,0.002302456647157669
800.0,-0.688766598701477,0.3833652138710022,1.0721317529678345,0.3796653747558594,-0.688766598701477,0.003699859604239464
805.0,-0.651408314704895,0.3369482457637787,0.9883565306663513,0.33201199769973755,-0.651408314704895,0.004936233162879944
810.0,-0.6244028210639954,0.2881799638271332,0.9125827550888062,0.2821768820285797,-0.6244028210639954,0.0060030617751181126
815.0,-0.6094304919242859,0.23749606311321259,0.8469265699386597,0.23060256242752075,-0.6094304919242859,0.006893501151353121
820.0,-0.6082025766372681,0.18529683351516724,0.7934994101524353,0.17769433557987213,-0.6082025766372681,0.007602493744343519
825.0,-0.6225149035453796,0.13193942606449127,0.7544543147087097,0.12381349503993988,-0.6225149035453796,0.00812593474984169
830.0,-0.6542232632637024,0.07774033397436142,0.7319636344909668,0.06927922368049622,-0.6542232632637024,0.00846110936254263
835.0,-0.7053139805793762,0.022952906787395477,0.7282668948173523,0.014346815645694733,-0.7053139805793762,0.008606093004345894
840.0,-0.7778747081756592,-0.03221789002418518,0.7456567883491516,-0.04077787697315216,-0.7778747081756592,0.00855998881161213
845.0,-0.874171257019043,-0.08763764798641205,0.7865335941314697,-0.09595999866724014,-0.874171257019043,0.00832234788686037
850.0,-0.9966874122619629,-0.14324162900447845,0.8534457683563232,-0.15113461017608643,-0.9966874122619629,0.0078929727897048
850.1210327148438,-1.0,-0.14458982646465302,0.8554101586341858,-0.15247002243995667,-1.0,0.007880204357206821
855.0,-1.1361415386199951,-0.19889868795871735,0.9372429251670837,-0.20617125928401947,-1.1361415386199951,0.0072725811041891575
860.0,-1.2801944017410278,-0.2541036009788513,1.0260907411575317,-0.2605658173561096,-1.2801944017410278,0.006462212651968002
865.0,-1.4283111095428467,-0.3082793653011322,1.120031714439392,-0.313744455575943,-1.4283111095428467,0.005465087480843067
870.0,-1.5798544883728027,-0.36086153984069824,1.2189929485321045,-0.36514779925346375,-1.5798544883728027,0.004286267329007387
875.0,-1.734045147895813,-0.41125360131263733,1.3227914571762085,-0.4141864776611328,-1.734045147895813,0.002932861680164933
880.0,-1.8900068998336792,-0.4588959217071533,1.4311109781265259,-0.4603099524974823,-1.8900068998336792,0.0014140179846435785
885.0,-2.0467841625213623,-0.5032674670219421,1.543516755104065,-0.503008246421814,-2.0467841625213623,-0.0002592201344668865
890.0,-2.2033634185791016,-0.543883204460144,1.6594802141189575,-0.5418089628219604,-2.2033634185791016,-0.0020742060150951147
895.0,-2.3586840629577637,-0.5802984237670898,1.7783857583999634,-0.576281726360321,-2.3586840629577637,-0.0040166936814785
900.0,-2.511646032333374,-0.6121056079864502,1.8995405435562134,-0.6060345768928528,-2.511646032333374,-0.006071068812161684
905.0,-2.6611087322235107,-0.6389479041099548,2.022160768508911,-0.6307278275489807,-2.6611087322235107,-0.008220094256103039
910.0,-2.805936098098755,-0.660511314868927,2.1454248428344727,-0.6500656604766846,-2.805936098098755,-0.010445645079016685
915.0,-2.945002317428589,-0.6765318512916565,2.268470287322998,-0.6638031601905823,-2.945002317428589,-0.01272866316139698
920.0,-3.0772101879119873,-0.6868018507957458,2.3904082775115967,-0.671752393245697,-3.0772101879119873,-0.015049467794597149
925.0,-3.2014713287353516,-0.6911629438400269,2.5103085041046143,-0.6737754940986633,-3.2014713287353516,-0.01738746464252472
930.0,-3.316784381866455,-0.6895202398300171,2.6272642612457275,-0.6697980165481567,-3.316784381866455,-0.019722266122698784
935.0,-3.422159194946289,-0.6818289160728455,2.740330219268799,-0.6597962975502014,-3.422159194946289,-0.022032635286450386
940.0,-3.5167179107666016,-0.6681075096130371,2.8486104011535645,-0.6438094973564148,-3.5167179107666016,-0.02429802529513836
945.0,-3.599625825881958,-0.6484284996986389,2.951197385787964,-0.6219309568405151,-3.599625825881958,-0.026497526094317436
950.0,-3.670166015625,-0.6229234933853149,3.0472424030303955,-0.5943123698234558,-3.670166015625,-0.02861112728714943
955.0,-3.727693557739258,-0.591779351234436,3.1359143257141113,-0.5611603856086731,-3.727693557739258,-0.03061898797750473
960.0,-3.771688938140869,-0.5552380681037903,3.2164509296417236,-0.5227356553077698,-3.771688938140869,-0.03250241279602051
965.0,-3.8017358779907227,-0.5135930180549622,3.2881429195404053,-0.4793494939804077,-3.8017358779907227,-0.03424355760216713
970.0,-3.8175461292266846,-0.467189222574234,3.3503568172454834,-0.4313633143901825,-3.8175461292266846,-0.03582589700818062
975.0,-3.818944215774536,-0.4164157509803772,3.4025285243988037,-0.3791816234588623,-3.818944215774536,-0.03723413869738579
980.0,-3.8058905601501465,-0.3617076277732849,3.444182872772217,-0.3232530355453491,-3.8058905601501465,-0.03845459967851639
985.0,-3.7784602642059326,-0.303536981344223,3.4749231338500977,-0.26406192779541016,-3.7784602642059326,-0.03947506472468376
990.0,-3.7368621826171875,-0.24241311848163605,3.4944491386413574,-0.20212799310684204,-3.7368621826171875,-0.040285129100084305
995.0,-3.681427478790283,-0.1788749396800995,3.5025525093078613,-0.1379987597465515,-3.681427478790283,-0.040876176208257675
1000.0,-3.612614154815674,-0.11348831653594971,3.4991257190704346,-0.07224676758050919,-3.612614154815674,-0.04124155640602112
1005.0,-3.531003713607788,-0.04683978855609894,3.484163999557495,-0.0054631307721138,-3.531003713607788,-0.04137665405869484
1010.0,-3.437293767929077,0.020468685775995255,3.4577624797821045,0.06174760311841965,-3.437293767929077,-0.041278913617134094
1015.0,-3.3322999477386475,0.08782431483268738,3.4201242923736572,0.12877227365970612,-3.3322999477386475,-0.04094795882701874
1020.0,-3.216937303543091,0.15461082756519318,3.3715481758117676,0.19499628245830536,-3.216937303543091,-0.04038545489311218
1025.0,-3.092226982116699,0.2202121764421463,3.312439203262329,0.2598074972629547,-3.092226982116699,-0.03959532082080841
1030.0,-2.959273338317871,0.28402000665664673,3.243293285369873,0.3226034641265869,-2.959273338317871,-0.038583457469940186
1035.0,-2.8192663192749023,0.3454380929470062,3.1647043228149414,0.3827960193157196,-2.8192663192749023,-0.03735793009400368
1040.0,-2.6734626293182373,0.4038885831832886,3.0773513317108154,0.43981730937957764,-2.6734626293182373,-0.03592873364686966
1045.0,-2.523181200027466,0.45881709456443787,2.9819982051849365,0.49312493205070496,-2.523181200027466,-0.03430784493684769
1050.0,-2.3697874546051025,0.509698212146759,2.879485845565796,0.5422073006629944,-2.3697874546051025,-0.032509054988622665
1055.0,-2.2146832942962646,0.5560401082038879,2.770723342895508,0.5865879654884338,-2.2146832942962646,-0.0305478535592556
1060.0,-2.0592947006225586,0.5973902344703674,2.6566848754882812,0.6258316040039062,-2.0592947006225586,-0.028441371396183968
1065.0,-1.9050559997558594,0.6333380341529846,2.538393974304199,0.6595461368560791,-1.9050559997558594,-0.026208098977804184
1070.0,-1.7534013986587524,0.6635215878486633,2.4169230461120605,0.6873894333839417,-1.7534013986587524,-0.023867890238761902
1075.0,-1.605747103691101,0.6876279711723328,2.293375015258789,0.7090696096420288,-1.605747103691101,-0.021441614255309105
1080.0,-1.4634816646575928,0.7053999900817871,2.16888165473938,0.7243511080741882,-1.4634816646575928,-0.01895112544298172
1085.0,-1.3279515504837036,0.716635525226593,2.0445871353149414,0.7330544590950012,-1.3279515504837036,-0.016418948769569397
1090.0,-1.2004488706588745,0.7211923599243164,1.921641230583191,0.7350605726242065,-1.2004488706588745,-0.013868160545825958
1095.0,-1.082199215888977,0.7189885973930359,1.8011877536773682,0.7303106784820557,-1.082199215888977,-0.011322134174406528
1098.76318359375,-1.0,0.7128556966781616,1.7128556966781616,0.7222789525985718,-1.0,-0.009423215873539448
1100.0,-0.9737913608551025,0.7100051641464233,1.6837965250015259,0.7188094854354858,-0.9737913608551025,-0.008804350160062313
1105.0,-0.8638485670089722,0.6944813132286072,1.5583299398422241,0.7008205056190491,-0.8638485670089722,-0.006339164916425943
1110.0,-0.7483128309249878,0.6729657053947449,1.421278476715088,0.6769129633903503,-0.7483128309249878,-0.003947297111153603
1115.0,-0.6282429695129395,0.6460624933242798,1.2743054628372192,0.6477095484733582,-0.6282429695129395,-0.0016470816917717457
1120.0,-0.5046584606170654,0.6144149303436279,1.1190733909606934,0.6138702630996704,-0.5046584606170654,0.0005446585128083825
1125.0,-0.378557026386261,0.5787164568901062,0.9572734832763672,0.5761043429374695,-0.378557026386261,0.002612162847071886
1130.0,-0.25080394744873047,0.5396618843078613,0.7904658913612366,0.5351192355155945,-0.25080394744873047,0.004542666953057051
1135.0,-0.12212865054607391,0.4979429543018341,0.6200715899467468,0.49161678552627563,-0.12212865054607391,0.006326187867671251
1140.0,0.006868988275527954,0.45424526929855347,0.4473762810230255,0.44629019498825073,0.006868988275527954,0.007955072447657585
1145.0,0.1357436329126358,0.4092446267604828,0.2735010087490082,0.3998204469680786,0.1357436329126358,0.009424179792404175
1150.0,0.2641890048980713,0.3636055290699005,0.09941653907299042,0.35287490487098694,0.2641890048980713,0.010730626992881298
1155.0,0.3920726776123047,0.3179768919944763,-0.07409577071666718,0.30610260367393494,0.3920726776123047,0.011874289251863956
1160.0,0.5194342732429504,0.27298226952552795,-0.24645200371742249,0.2601255178451538,0.5194342732429504,0.012856760993599892
1165.0,0.6464862823486328,0.2292248159646988,-0.4172614812850952,0.21554291248321533,0.6464862823486328,0.013681907206773758
1170.0,0.773666262626648,0.18727290630340576,-0.5863933563232422,0.1729174703359604,0.773666262626648,0.014355427585542202
1175.0,0.9015790224075317,0.14767616987228394,-0.7539028525352478,0.1327909380197525,0.9015790224075317,0.014885232783854008
1178.80712890625,1.0,0.11942219734191895,-0.880577802658081,0.10422424226999283,1.0,0.01519794948399067
1180.0,1.0304505825042725,0.11094534397125244,-0.9195051789283752,0.0956646129488945,1.0304505825042725,0.015280735678970814
1185.0,1.1463793516159058,0.07736800611019135,-1.0690113306045532,0.06181419640779495,1.1463793516159058,0.015553812496364117
1190.0,1.2449517250061035,0.04685331508517265,-1.1980984210968018,0.031138185411691666,1.2449517250061035,0.015715129673480988
1195.0,1.3281660079956055,0.01928870938718319,-1.3088773488998413,0.0035138167440891266,1.3281660079956055,0.015774894505739212
1200.0,1.3979456424713135,-0.005427949130535126,-1.4033735990524292,-0.02117135375738144,1.3979456424713135,0.015743406489491463
1205.0,1.4561371803283691,-0.027390118688344955,-1.4835273027420044,-0.04302116483449936,1.4561371803283691,0.015631048008799553
1210.0,1.5043755769729614,-0.04667649045586586,-1.5510520935058594,-0.06212413311004639,1.5043755769729614,0.01544764544814825
1215.0,1.544124722480774,-0.0633564442396164,-1.6074811220169067,-0.07855904847383499,1.544124722480774,0.015202604234218597
1220.0,1.5767301321029663,-0.07749638706445694,-1.654226541519165,-0.09240145981311798,1.5767301321029663,0.01490507647395134
1225.0,1.603421926498413,-0.08916081488132477,-1.6925827264785767,-0.10372478514909744,1.603421926498413,0.014563976787030697
1230.0,1.6252878904342651,-0.09841155260801315,-1.7236994504928589,-0.11259940266609192,1.6252878904342651,0.014187846332788467
1235.0,1.6433039903640747,-0.10530959814786911,-1.7486135959625244,-0.11909457296133041,1.6433039903640747,0.013784977607429028
1240.0,1.6584128141403198,-0.10992901027202606,-1.7683417797088623,-0.12329255044460297,1.6584128141403198,0.013363545760512352
1245.0,1.6714235544204712,-0.11234159022569656,-1.783765196800232,-0.1252729594707489,1.6714235544204712,0.012931371107697487
1250.0,1.683093786239624,-0.11263137310743332,-1.7957251071929932,-0.1251273900270462,1.683093786239624,0.012496007606387138
1255.0,1.694087266921997,-0.11088639497756958,-1.8049737215042114,-0.12295109033584595,1.694087266921997,0.012064693495631218
1260.0,1.7049983739852905,-0.1072041466832161,-1.8122025728225708,-0.11884845793247223,1.7049983739852905,0.011644313111901283
1265.0,1.71634840965271,-0.10168984532356262,-1.8180383443832397,-0.11293119192123413,1.71634840965271,0.011241346597671509
1270.0,1.728583812713623,-0.09445653110742569,-1.823040246963501,-0.10531846433877945,1.728583812713623,0.010861927643418312
1275.0,1.7420928478240967,-0.08562635630369186,-1.8277192115783691,-0.09613803774118423,1.7420928478240967,0.01051168143749237
1280.0,1.7571905851364136,-0.07532896846532822,-1.83251953125,-0.08552483469247818,1.7571905851364136,0.010195866227149963
1285.0,1.7741405963897705,-0.06370148062705994,-1.8378419876098633,-0.07362066209316254,1.7741405963897705,0.009919182397425175
1290.0,1.793143391609192,-0.05088895559310913,-1.8440322875976562,-0.06057482957839966,1.793143391609192,0.009685873985290527
1295.0,1.814346432685852,-0.03704376146197319,-1.8513901233673096,-0.04654340818524361,1.814346432685852,0.009499646723270416
1300.0,1.8378419876098633,-0.022322537377476692,-1.8601645231246948,-0.03168618306517601,1.8378419876098633,0.009363644756376743
1305.0,1.8636746406555176,-0.006889645010232925,-1.870564341545105,-0.016170086339116096,1.8636746406555176,0.009280441328883171
1310.0,1.8918424844741821,0.009084822610020638,-1.8827576637268066,-0.00016718171536922455,1.8918424844741821,0.009252004325389862
1315.0,1.922296404838562,0.025430090725421906,-1.8968662023544312,0.016150357201695442,1.922296404838562,0.009279732592403889
1320.0,1.9549397230148315,0.04198145121335983,-1.9129582643508911,0.03261692821979523,1.9549397230148315,0.00936452392488718
1325.0,1.9896423816680908,0.05856108292937279,-1.9310812950134277,0.04905460402369499,1.9896423816680908,0.00950648169964552
1330.0,2.0262341499328613,0.07499474287033081,-1.9512393474578857,0.06528963148593903,2.0262341499328613,0.009705113247036934
1335.0,2.0645148754119873,0.09112029522657394,-1.9733946323394775,0.08116062730550766,2.0645148754119873,0.009959664195775986
1340.0,2.1042494773864746,0.10677139461040497,-1.9974780082702637,0.0965028926730156,2.1042494773864746,0.010268503800034523
1345.0,2.1451728343963623,0.12178600579500198,-2.0233867168426514,0.1111566349864006,2.1451728343963623,0.010629368014633656
1350.0,2.1870005130767822,0.13601049780845642,-2.050990104675293,0.1249709203839302,2.1870005130767822,0.011039583012461662
1355.0,2.229440450668335,0.14930219948291779,-2.0801382064819336,0.13780587911605835,2.229440450668335,0.011496327817440033
1360.0,2.2721638679504395,0.16152292490005493,-2.1106410026550293,0.14952723681926727,2.2721638679504395,0.011995689012110233
1365.0,2.3148343563079834,0.17254650592803955,-2.1422879695892334,0.1600130796432495,2.3148343563079834,0.012533418834209442
1370.0,2.357124090194702,0.18225565552711487,-2.17486834526062,0.16915027797222137,2.357124090194702,0.013105371035635471
1375.0,2.398688554763794,0.19054728746414185,-2.208141326904297,0.1768406480550766,2.398688554763794,0.013706639409065247
1380.0,2.439180850982666,0.19733241200447083,-2.2418484687805176,0.18300054967403412,2.439180850982666,0.014331867918372154
1385.0,2.478259801864624,0.20253466069698334,-2.2757251262664795,0.1875590831041336,2.478259801864624,0.014975576661527157
1390.0,2.5155961513519287,0.20608706772327423,-2.309509038925171,0.1904546320438385,2.5155961513519287,0.015632446855306625
1395.0,2.550865650177002,0.2079465240240097,-2.342919111251831,0.1916501224040985,2.550865650177002,0.016296401619911194
1400.0,2.583760976791382,0.20808447897434235,-2.3756766319274902,0.1911230832338333,2.583760976791382,0.016961384564638138
1405.0,2.613985538482666,0.2064800262451172,-2.407505512237549,0.18885844945907593,2.613985538482666,0.017621587961912155
1410.0,2.6412670612335205,0.20313484966754913,-2.4381322860717773,0.1848638653755188,2.6412670612335205,0.018270988017320633
1415.0,2.6653594970703125,0.1980709582567215,-2.4672887325286865,0.17916744947433472,2.6653594970703125,0.01890351064503193
1420.0,2.686040163040161,0.1913236826658249,-2.4947166442871094,0.17181040346622467,2.686040163040161,0.019513271749019623
1425.0,2.7031023502349854,0.18293190002441406,-2.5201704502105713,0.16283714771270752,2.7031023502349854,0.020094750449061394
1430.0,2.716387987136841,0.17296932637691498,-2.5434186458587646,0.15232695639133453,2.716387987136841,0.02064237743616104
1435.0,2.725769281387329,0.16152150928974152,-2.5642478466033936,0.14037057757377625,2.725769281387329,0.02115093730390072
1440.0,2.731135368347168,0.14867445826530457,-2.582460880279541,0.12705889344215393,2.731135368347168,0.021615566685795784
1445.0,2.732421875,0.134536013007164,-2.597885847091675,0.11250422894954681,2.732421875,0.02203177846968174
1450.0,2.7296104431152344,0.11923438310623169,-2.6103761196136475,0.09683887660503387,2.7296104431152344,0.022395504638552666
1455.0,2.72271466255188,0.10290498286485672,-2.619809627532959,0.08020184189081192,2.72271466255188,0.022703135386109352
1460.0,2.7117538452148438,0.08567672222852707,-2.626077175140381,0.06272535026073456,2.7117538452148438,0.02295137569308281
1465.0,2.696829319000244,0.06771121919155121,-2.6291182041168213,0.04457348585128784,2.696829319000244,0.023137733340263367
1470.0,2.6780714988708496,0.04917256906628609,-2.628899097442627,0.025912322103977203,2.6780714988708496,0.023260248824954033
1475.0,2.655616044998169,0.030220672488212585,-2.6253955364227295,0.006903432309627533,2.655616044998169,0.0233172420412302
1480.0,2.6296470165252686,0.011024901643395424,-2.618622064590454,-0.01228286698460579,2.6296470165252686,0.023307768628001213
1485.0,2.600403070449829,-0.008234856650233269,-2.608638048171997,-0.03146657720208168,2.600403070449829,0.023231718689203262
1490.0,2.5681445598602295,-0.02738030254840851,-2.595524787902832,-0.05046980082988739,2.5681445598602295,0.023089496418833733
1495.0,2.5331175327301025,-0.04624373838305473,-2.5793612003326416,-0.06912530213594437,2.5331175327301025,0.022881558164954185
1500.0,2.495652675628662,-0.06464487314224243,-2.5602974891662598,-0.0872546136379242,2.495652675628662,0.022609740495681763
1505.0,2.456092119216919,-0.08241011947393417,-2.5385022163391113,-0.1046864464879036,2.456092119216919,0.02227632887661457
1510.0,2.4147748947143555,-0.09937457740306854,-2.5141494274139404,-0.12125834822654724,2.4147748947143555,0.021883772686123848
1515.0,2.3720645904541016,-0.1153787225484848,-2.487443447113037,-0.1368139535188675,2.3720645904541016,0.021435221657156944
1520.0,2.3283627033233643,-0.1302679479122162,-2.4586305618286133,-0.15120269358158112,2.3283627033233643,0.02093474008142948
1525.0,2.2840731143951416,-0.1438983678817749,-2.427971601486206,-0.16428512334823608,2.2840731143951416,0.020386766642332077
1530.0,2.239574909210205,-0.15613722801208496,-2.395711898803711,-0.17593270540237427,2.239574909210205,0.019795482978224754
1535.0,2.195293426513672,-0.1668640375137329,-2.3621575832366943,-0.18603047728538513,2.195293426513672,0.01916643977165222
1540.0,2.1516451835632324,-0.17597246170043945,-2.327617645263672,-0.194477841258049,2.1516451835632324,0.018505368381738663
1545.0,2.109029531478882,-0.18336676061153412,-2.292396306991577,-0.2011847048997879,2.109029531478882,0.017817948013544083
1550.0,2.0678398609161377,-0.1889672577381134,-2.2568070888519287,-0.2060774564743042,2.0678398609161377,0.017110195010900497
1555.0,2.028472900390625,-0.1927153617143631,-2.2211883068084717,-0.20910412073135376,2.028472900390625,0.01638875901699066
1560.0,1.9913049936294556,-0.1945682168006897,-2.18587327003479,-0.2102285474538803,1.9913049936294556,0.015660323202610016
1565.0,1.9566844701766968,-0.19448642432689667,-2.1511709690093994,-0.20941752195358276,1.9566844701766968,0.014931103214621544
1570.0,1.9249494075775146,-0.19246624410152435,-2.1174156665802,-0.20667430758476257,1.9249494075775146,0.014208067208528519
1575.0,1.8964085578918457,-0.18851856887340546,-2.0849270820617676,-0.20201657712459564,1.8964085578918457,0.01349799707531929
1580.0,1.8713465929031372,-0.18266330659389496,-2.0540099143981934,-0.19547072052955627,1.8713465929031372,0.012807418592274189
1585.0,1.8500170707702637,-0.17493778467178345,-2.0249547958374023,-0.1870804876089096,1.8500170707702637,0.01214270107448101
1590.0,1.8326339721679688,-0.16540953516960144,-1.9980435371398926,-0.17691977322101593,1.8326339721679688,0.011510231532156467
1595.0,1.8193762302398682,-0.1541602462530136,-1.973536491394043,-0.16507630050182343,1.8193762302398682,0.010916058905422688
1600.0,1.810410737991333,-0.14126570522785187,-1.9516764879226685,-0.15163150429725647,1.810410737991333,0.010365797206759453
1605.0,1.8058334589004517,-0.1268451064825058,-1.9326785802841187,-0.13670991361141205,1.8058334589004517,0.009864813648164272
1610.0,1.8057060241699219,-0.1110265925526619,-1.916732668876648,-0.12044458091259003,1.8057060241699219,0.009417993016541004
1615.0,1.810064673423767,-0.09394268691539764,-1.9040074348449707,-0.10297250747680664,1.810064673423767,0.009029815904796124
1620.0,1.818908452987671,-0.07573586702346802,-1.8946443796157837,-0.08444011956453323,1.818908452987671,0.008704252541065216
1625.0,1.8321672677993774,-0.056575678288936615,-1.8887429237365723,-0.06502027064561844,1.8321672677993774,0.008444588631391525
1630.0,1.8497345447540283,-0.03663797676563263,-1.8863725662231445,-0.04489149525761604,1.8497345447540283,0.008253518491983414
1635.0,1.8715132474899292,-0.01608474738895893,-1.887597918510437,-0.024218302220106125,1.8715132474899292,0.008133554831147194
1640.0,1.8973056077957153,0.004888925701379776,-1.8924167156219482,-0.003197094425559044,1.8973056077957153,0.008086021058261395
1645.0,1.9268882274627686,0.026089033111929893,-1.90079927444458,0.017977364361286163,1.9268882274627686,0.00811166875064373
1650.0,1.960020661354065,0.04732441529631615,-1.9126962423324585,0.039113599807024,1.960020661354065,0.008210815489292145
1655.0,1.9964382648468018,0.06840594112873077,-1.9280322790145874,0.06002271920442581,1.9964382648468018,0.008383222855627537
1660.0,2.035804510116577,0.08913267403841019,-1.946671962738037,0.08050520718097687,2.035804510116577,0.008627468720078468
1665.0,2.077761173248291,0.10930882394313812,-1.9684523344039917,0.10036729276180267,2.077761173248291,0.008941525593400002
1670.0,2.1219780445098877,0.12875324487686157,-1.9932247400283813,0.11942969262599945,2.1219780445098877,0.009323553182184696
1675.0,2.168037176132202,0.14727824926376343,-2.020758867263794,0.13750818371772766,2.168037176132202,0.009770053438842297
1680.0,2.215515613555908,0.16470685601234436,-2.0508086681365967,0.15442974865436554,2.215515613555908,0.010277112945914268
1685.0,2.2640061378479004,0.18087363243103027,-2.08313250541687,0.170032799243927,2.2640061378479004,0.010840835981070995
1690.0,2.313065767288208,0.19562241435050964,-2.117443323135376,0.18416611850261688,2.313065767288208,0.011456296779215336
1695.0,2.3622372150421143,0.20880955457687378,-2.1534276008605957,0.1966916173696518,2.3622372150421143,0.012117943726480007
1700.0,2.4110753536224365,0.22030292451381683,-2.190772294998169,0.20748278498649597,2.4110753536224365,0.012820138595998287
1705.0,2.459132671356201,0.22998595237731934,-2.229146718978882,0.2164291888475418,2.459132671356201,0.013556763529777527
1710.0,2.5059561729431152,0.23776090145111084,-2.268195390701294,0.22343984246253967,2.5059561729431152,0.014321052469313145
1715.0,2.5511081218719482,0.24354363977909088,-2.3075644969940186,0.22843746840953827,2.5511081218719482,0.015106180682778358
1720.0,2.5941665172576904,0.24726566672325134,-2.346900701522827,0.23136045038700104,2.5941665172576904,0.015905218198895454
1725.0,2.634718179702759,0.2488839328289032,-2.385834217071533,0.23217323422431946,2.634718179702759,0.016710704192519188
1730.0,2.6723735332489014,0.2483711987733841,-2.4240024089813232,0.23085597157478333,2.6723735332489014,0.01751522906124592
1735.0,2.706770420074463,0.2457132190465927,-2.461057186126709,0.22740162909030914,2.706770420074463,0.01831158436834812
1740.0,2.7375710010528564,0.2409266233444214,-2.4966444969177246,0.22183440625667572,2.7375710010528564,0.01909223198890686
1745.0,2.7644715309143066,0.2340451180934906,-2.530426502227783,0.21419528126716614,2.7644715309143066,0.019849834963679314
1750.0,2.7871949672698975,0.22510993480682373,-2.5620851516723633,0.20453250408172607,2.7871949672698975,0.020577434450387955
1755.0,2.8055121898651123,0.2141975462436676,-2.5913145542144775,0.1929294764995575,2.8055121898651123,0.02126806601881981
1760.0,2.8192331790924072,0.20140109956264496,-2.6178321838378906,0.1794859617948532,2.8192331790924072,0.021915139630436897
1765.0,2.82818865776062,0.18681475520133972,-2.641373872756958,0.1643022894859314,2.82818865776062,0.02251245267689228
1770.0,2.832277297973633,0.17056921124458313,-2.661708116531372,0.14751499891281128,2.832277297973633,0.02305421233177185
1775.0,2.831439971923828,0.15280824899673462,-2.6786317825317383,0.12927310168743134,2.831439971923828,0.023535141721367836
1780.0,2.825639486312866,0.13367795944213867,-2.6919615268707275,0.10972760617733002,2.825639486312866,0.023950356990098953
1785.0,2.8149030208587646,0.11334805190563202,-2.701555013656616,0.08905237913131714,2.8149030208587646,0.024295669049024582
1790.0,2.7993102073669434,0.09200327843427658,-2.7073068618774414,0.06743571162223816,2.7993102073669434,0.024567564949393272
1795.0,2.778965473175049,0.06982994079589844,-2.7091355323791504,0.04506693780422211,2.778965473175049,0.02476300112903118
1800.0,2.7540221214294434,0.04702484607696533,-2.7069973945617676,0.02214517444372177,2.7540221214294434,0.02487967349588871
1805.0,2.7246952056884766,0.02379898726940155,-2.7008962631225586,-0.0011171847581863403,2.7246952056884766,0.02491617202758789
1810.0,2.6912243366241455,0.0003625527024269104,-2.690861701965332,-0.024509074166417122,2.6912243366241455,0.024871626868844032
1815.0,2.653879165649414,-0.023074239492416382,-2.6769533157348633,-0.047820039093494415,2.653879165649414,0.024745797738432884
1820.0,2.6129953861236572,-0.04629144072532654,-2.6592867374420166,-0.07083098590373993,2.6129953861236572,0.02453954890370369
1825.0,2.568929672241211,-0.06907342374324799,-2.63800311088562,-0.09332774579524994,2.568929672241211,0.024254323914647102
1830.0,2.5220494270324707,-0.09121201187372208,-2.6132614612579346,-0.11510398238897324,2.5220494270324707,0.023891974240541458
1835.0,2.4727845191955566,-0.11249664425849915,-2.5852811336517334,-0.13595226407051086,2.4727845191955566,0.02345561981201172
1840.0,2.4215803146362305,-0.13272549211978912,-2.5543057918548584,-0.15567442774772644,2.4215803146362305,0.022948939353227615
1845.0,2.3688745498657227,-0.15170802175998688,-2.520582437515259,-0.17408378422260284,2.3688745498657227,0.022375771775841713
1850.0,2.315157413482666,-0.16926105320453644,-2.4844183921813965,-0.19100230932235718,2.315157413482666,0.02174125798046589
1855.0,2.260924816131592,-0.1852148026227951,-2.4461395740509033,-0.20626583695411682,2.260924816131592,0.021051043644547462
1860.0,2.206653594970703,-0.19941110908985138,-2.406064510345459,-0.21972179412841797,2.206653594970703,0.020310688763856888
1865.0,2.152853488922119,-0.21171002089977264,-2.364563465118408,-0.23123699426651,2.152853488922119,0.019526967778801918
1870.0,2.100027084350586,-0.22198860347270966,-2.3220155239105225,-0.24069556593894958,2.100027084350586,0.018706971779465675
1875.0,2.0486583709716797,-0.2301362007856369,-2.278794527053833,-0.24799396097660065,2.0486583709716797,0.017857754603028297
1880.0,1.9992305040359497,-0.23606617748737335,-2.2352967262268066,-0.253053218126297,1.9992305040359497,0.016987020149827003
1885.0,1.952213168144226,-0.23971377313137054,-2.191926956176758,-0.25581657886505127,1.952213168144226,0.016102805733680725
1890.0,1.9080525636672974,-0.24102815985679626,-2.149080753326416,-0.25624120235443115,1.9080525636672974,0.01521304901689291
1895.0,1.8671711683273315,-0.23998159170150757,-2.1071527004241943,-0.25430741906166077,1.8671711683273315,0.014325836673378944
1900.0,1.8299652338027954,-0.23657441139221191,-2.0665395259857178,-0.25002390146255493,1.8299652338027954,0.013449491932988167
1905.0,1.7968002557754517,-0.2308221310377121,-2.0276224613189697,-0.2434142529964447,1.7968002557754517,0.01259212289005518
1910.0,1.7680082321166992,-0.22275812923908234,-1.9907662868499756,-0.23451974987983704,1.7680082321166992,0.011761628091335297
1915.0,1.7438762187957764,-0.21244917809963226,-1.9563254117965698,-0.2234150916337967,1.7438762187957764,0.01096590980887413
1920.0,1.724653959274292,-0.19997751712799072,-1.9246314764022827,-0.2101900428533554,1.724653959274292,0.01021251268684864
1925.0,1.710557460784912,-0.18543574213981628,-1.8959932327270508,-0.19494430720806122,1.710557460784912,0.009508570656180382
1930.0,1.7017385959625244,-0.16895276308059692,-1.8706912994384766,-0.17781364917755127,1.7017385959625244,0.008860886096954346
1935.0,1.698305368423462,-0.15067176520824432,-1.8489772081375122,-0.15894751250743866,1.698305368423462,0.008275749161839485
1940.0,1.700340747833252,-0.13073843717575073,-1.8310792446136475,-0.13849741220474243,1.700340747833252,0.007758984807878733
1945.0,1.7078458070755005,-0.1093340590596199,-1.817179799079895,-0.11664976924657822,1.7078458070755005,0.007315704599022865
1950.0,1.720774531364441,-0.0866515040397644,-1.80742609500885,-0.09360186755657196,1.720774531364441,0.006950359791517258
1955.0,1.739067792892456,-0.06287930905818939,-1.8019471168518066,-0.06954631209373474,1.739067792892456,0.006666997447609901
1960.0,1.762573480606079,-0.038236863911151886,-1.8008103370666504,-0.04470544680953026,1.762573480606079,0.006468584295362234
1965.0,1.7910964488983154,-0.01294945552945137,-1.8040459156036377,-0.019306804984807968,1.7910964488983154,0.0063573503866791725
1970.0,1.8244253396987915,0.012761267833411694,-1.81166410446167,0.006426187232136726,1.8244253396987915,0.00633508013561368
1975.0,1.8622769117355347,0.03865952789783478,-1.8236173391342163,0.032257080078125,1.8622769117355347,0.0064024487510323524
1980.0,1.9043169021606445,0.06450427323579788,-1.8398126363754272,0.05794506520032883,1.9043169021606445,0.006559207569807768
1985.0,1.9501956701278687,0.09006013721227646,-1.860135555267334,0.08325551450252533,1.9501956701278687,0.006804624106734991
1990.0,1.9995198249816895,0.11509174853563309,-1.8844280242919922,0.10795469582080841,1.9995198249816895,0.007137053180485964
1995.0,2.0518412590026855,0.13936251401901245,-1.9124786853790283,0.13180877268314362,2.0518412590026855,0.007553728763014078
2000.0,2.1066999435424805,0.16264480352401733,-1.944055199623108,0.15459340810775757,2.1066999435424805,0.008051393553614616
2005.0,2.1636204719543457,0.18472035229206085,-1.9789001941680908,0.1760941594839096,2.1636204719543457,0.008626190014183521
2010.0,2.222076416015625,0.2053772509098053,-2.0166990756988525,0.1961042433977127,2.222076416015625,0.00927301961928606
2015.0,2.281536817550659,0.22441667318344116,-2.0571200847625732,0.21443034708499908,2.281536817550659,0.009986327029764652
2020.0,2.341477394104004,0.2416534423828125,-2.0998239517211914,0.23089313507080078,2.341477394104004,0.010760307312011719
2025.0,2.401336669921875,0.2569188177585602,-2.1444180011749268,0.24533089995384216,2.401336669921875,0.01158791221678257
2030.0,2.4605588912963867,0.2700612246990204,-2.190497636795044,0.25759950280189514,2.4605588912963867,0.012461734004318714
2035.0,2.5186095237731934,0.28094297647476196,-2.237666606903076,0.26756855845451355,2.5186095237731934,0.01337442360818386
2040.0,2.5749387741088867,0.289453387260437,-2.28548526763916,0.2751358449459076,2.5749387741088867,0.014317544177174568
2045.0,2.629013776779175,0.2955026626586914,-2.3335111141204834,0.2802202105522156,2.629013776779175,0.015282449312508106
2050.0,2.6803314685821533,0.2990119159221649,-2.381319522857666,0.2827511429786682,2.6803314685821533,0.0162607803940773
2055.0,2.7283990383148193,0.29993870854377747,-2.4284603595733643,0.28269532322883606,2.7283990383148193,0.0172433964908123
2060.0,2.772754430770874,0.29826271533966064,-2.474491834640503,0.28004154562950134,2.772754430770874,0.01822117157280445
2065.0,2.8129656314849854,0.2939755618572235,-2.5189900398254395,0.27479028701782227,2.8129656314849854,0.019185272976756096
2070.0,2.8486382961273193,0.2871032953262329,-2.561535120010376,0.26697659492492676,2.8486382961273193,0.020126700401306152
2075.0,2.879420280456543,0.2776990234851837,-2.6017212867736816,0.2566624581813812,2.879420280456543,0.02103656716644764
2080.0,2.9049935340881348,0.26582860946655273,-2.639164924621582,0.24392226338386536,2.9049935340881348,0.021906355395913124
2085.0,2.9250898361206055,0.251583993434906,-2.6735057830810547,0.2288561314344406,2.9250898361206055,0.022727854549884796
2090.0,2.9394986629486084,0.23508906364440918,-2.704409599304199,0.21159587800502777,2.9394986629486084,0.023493170738220215
2095.0,2.948050022125244,0.21647995710372925,-2.73157000541687,0.19228504598140717,2.948050022125244,0.02419491484761238
2100.0,2.950620174407959,0.19590823352336884,-2.7547121047973633,0.17108199000358582,2.950620174407959,0.02482623979449272
2105.0,2.94716215133667,0.17355944216251373,-2.7736027240753174,0.14817850291728973,2.94716215133667,0.025380946695804596
2110.0,2.9376728534698486,0.14962956309318542,-2.788043260574341,0.12377609312534332,2.9376728534698486,0.0258534736931324
2115.0,2.9221839904785156,0.12431921064853668,-2.7978646755218506,0.0980803593993187,2.9221839904785156,0.026238849386572838
2120.0,2.900818347930908,0.09786108136177063,-2.80295729637146,0.07132794708013535,2.900818347930908,0.026533130556344986
2125.0,2.8737447261810303,0.07049483060836792,-2.8032498359680176,0.04376170411705971,2.8737447261810303,0.026733124628663063
2130.0,2.8411495685577393,0.04245584085583687,-2.7986936569213867,0.015619702637195587,2.8411495685577393,0.02683614008128643
2135.0,2.803318977355957,0.014005240052938461,-2.789313554763794,-0.012835606932640076,2.803318977355957,0.026840845122933388
2140.0,2.7605817317962646,-0.014593892730772495,-2.7751755714416504,-0.0413406565785408,2.7605817317962646,0.02674676477909088
2145.0,2.7132678031921387,-0.043088797479867935,-2.7563564777374268,-0.06964252144098282,2.7132678031921387,0.026553723961114883
2150.0,2.6618049144744873,-0.07121127098798752,-2.733016014099121,-0.09747443348169327,2.6618049144744873,0.026263168081641197
2155.0,2.6066529750823975,-0.09869800508022308,-2.705350875854492,-0.12457536906003952,2.6066529750823975,0.025877362117171288
2160.0,2.548274517059326,-0.12529614567756653,-2.6735706329345703,-0.1506950557231903,2.548274517059326,0.02539891190826893
2165.0,2.4871935844421387,-0.15075470507144928,-2.6379482746124268,-0.17558647692203522,2.4871935844421387,0.02483176626265049
2170.0,2.42396879196167,-0.1748310923576355,-2.59879994392395,-0.1990119367837906,2.42396879196167,0.02418084442615509
2175.0,2.3591582775115967,-0.19729575514793396,-2.5564539432525635,-0.22074715793132782,2.3591582775115967,0.02345140650868416
2180.0,2.2933435440063477,-0.21793265640735626,-2.5112760066986084,-0.24058225750923157,2.2933435440063477,0.022649597376585007
2185.0,2.2271368503570557,-0.23654115200042725,-2.4636778831481934,-0.2583237886428833,2.2271368503570557,0.021782636642456055
2190.0,2.1611428260803223,-0.25293704867362976,-2.4140796661376953,-0.27379506826400757,2.1611428260803223,0.020858030766248703
2195.0,2.095959424972534,-0.26695460081100464,-2.3629140853881836,-0.2868382930755615,2.095959424972534,0.019883690401911736
2200.0,2.0322022438049316,-0.27845317125320435,-2.310655355453491,-0.29732173681259155,2.0322022438049316,0.018868565559387207
2205.0,1.970467448234558,-0.28731194138526917,-2.257779359817505,-0.30513373017311096,1.970467448234558,0.017821790650486946
2210.0,1.9113270044326782,-0.2934280335903168,-2.2047550678253174,-0.31018051505088806,1.9113270044326782,0.01675247587263584
2215.0,1.8553463220596313,-0.2967337369918823,-2.1520800590515137,-0.3124043345451355,1.8553463220596313,0.01567058451473713
2220.0,1.80306077003479,-0.29718416929244995,-2.1002449989318848,-0.3117702603340149,1.80306077003479,0.014586090110242367
2225.0,1.7549724578857422,-0.29474779963493347,-2.049720287322998,-0.30825644731521606,1.7549724578857422,0.013508642092347145
2230.0,1.711548924446106,-0.28943684697151184,-2.000985622406006,-0.3018852472305298,1.711548924446106,0.012448396533727646
2235.0,1.6732151508331299,-0.2812879681587219,-1.9545031785964966,-0.2927032709121704,1.6732151508331299,0.011415302753448486
2240.0,1.640364170074463,-0.27034467458724976,-1.9107087850570679,-0.28076350688934326,1.640364170074463,0.010418822057545185
2245.0,1.6133248805999756,-0.25669941306114197,-1.87002432346344,-0.26616787910461426,1.6133248805999756,0.009468457661569118
2250.0,1.5923752784729004,-0.24046693742275238,-1.832842230796814,-0.24904018640518188,1.5923752784729004,0.00857325829565525
2255.0,1.5777586698532104,-0.22176969051361084,-1.7995283603668213,-0.22951145470142365,1.5777586698532104,0.0077417707070708275
2260.0,1.569643497467041,-0.2007681429386139,-1.7704116106033325,-0.20775017142295837,1.569643497467041,0.006982028484344482
2265.0,1.5681331157684326,-0.17764854431152344,-1.745781660079956,-0.18394997715950012,1.5681331157684326,0.006301431450992823
2270.0,1.573292851448059,-0.15260443091392517,-1.725897192955017,-0.15831120312213898,1.573292851448059,0.00570678198710084
2275.0,1.5851198434829712,-0.12585189938545227,-1.710971713066101,-0.13105598092079163,1.5851198434829712,0.005204085260629654
2280.0,1.6035301685333252,-0.0976346805691719,-1.7011648416519165,-0.10243310034275055,1.6035301685333252,0.004798421170562506
2285.0,1.6283994913101196,-0.06820152699947357,-1.6966010332107544,-0.07269568741321564,1.6283994913101196,0.004494159948080778
2290.0,1.6595535278320312,-0.03780905157327652,-1.6973626613616943,-0.042103901505470276,1.6595535278320312,0.004294850863516331
2295.0,1.6967241764068604,-0.00673886202275753,-1.703463077545166,-0.010941632091999054,1.6967241764068604,0.004202768672257662
2300.0,1.7396034002304077,0.02472630701959133,-1.7148771286010742,0.02050691843032837,1.7396034002304077,0.004219387657940388
2305.0,1.7878570556640625,0.05630762502551079,-1.7315493822097778,0.05196210741996765,1.7878570556640625,0.004345520865172148
2310.0,1.841051697731018,0.0877087265253067,-1.7533429861068726,0.08312834054231644,1.841051697731018,0.004580392036587
2315.0,1.898719072341919,0.11863746494054794,-1.7800816297531128,0.11371508985757828,1.898719072341919,0.0049223750829696655
2320.0,1.9603875875473022,0.14881330728530884,-1.8115743398666382,0.14344386756420135,1.9603875875473022,0.005369448568671942
2325.0,2.0254924297332764,0.17794978618621826,-1.847542643547058,0.17203198373317719,2.0254924297332764,0.005917798262089491
2330.0,2.093442440032959,0.20577096939086914,-1.8876715898513794,0.19920819997787476,2.093442440032959,0.006562770344316959
2335.0,2.163662910461426,0.23201610147953033,-1.931646704673767,0.22471648454666138,2.163662910461426,0.007299615535885096
2340.0,2.235501766204834,0.2564326226711273,-1.9790692329406738,0.2483108639717102,2.235501766204834,0.008121749386191368
2345.0,2.308298349380493,0.2787851095199585,-2.029513359069824,0.26976320147514343,2.308298349380493,0.009021908976137638
2350.0,2.3814070224761963,0.2988539934158325,-2.0825531482696533,0.2888612747192383,2.3814070224761963,0.009992712177336216
2355.0,2.4541521072387695,0.31644147634506226,-2.1377105712890625,0.30541595816612244,2.4541521072387695,0.011025527492165565
2360.0,2.5258524417877197,0.33137276768684387,-2.1944797039031982,0.3192617893218994,2.5258524417877197,0.012110977433621883
2365.0,2.595848560333252,0.34349140524864197,-2.252357244491577,0.3302517831325531,2.595848560333252,0.013239612802863121
2370.0,2.663489818572998,0.35266801714897156,-2.310821771621704,0.33826661109924316,2.663489818572998,0.014401402324438095
2375.0,2.728132486343384,0.35880476236343384,-2.3693277835845947,0.34321916103363037,2.728132486343384,0.015585595741868019
2380.0,2.7891643047332764,0.3618249297142029,-2.427339553833008,0.34504345059394836,2.7891643047332764,0.01678149402141571
2385.0,2.8460049629211426,0.36167675256729126,-2.484328269958496,0.3436983823776245,2.8460049629211426,0.017978373914957047
2390.0,2.898104667663574,0.35834938287734985,-2.539755344390869,0.33918437361717224,2.898104667663574,0.019164999946951866
2395.0,2.9449551105499268,0.35185497999191284,-2.593100070953369,0.3315246105194092,2.9449551105499268,0.020330367609858513
2400.0,2.9860892295837402,0.3422238528728485,-2.6438653469085693,0.32076001167297363,2.9860892295837402,0.021463830024003983
2405.0,3.02109956741333,0.32953473925590515,-2.6915647983551025,0.3069801330566406,3.02109956741333,0.022554617375135422
2410.0,3.0496296882629395,0.31388983130455017,-2.7357399463653564,0.29029741883277893,3.0496296882629395,0.023592395707964897
2415.0,3.0713634490966797,0.2954002618789673,-2.775963068008423,0.2708328664302826,3.0713634490966797,0.024567393586039543
2420.0,3.0860707759857178,0.27422937750816345,-2.8118412494659424,0.2487591803073883,3.0860707759857178,0.02547021396458149
2425.0,3.093583345413208,0.25056231021881104,-2.8430211544036865,0.22427017986774445,3.093583345413208,0.02629212848842144
2430.0,3.093761682510376,0.22458404302597046,-2.8691775798797607,0.19755904376506805,3.093761682510376,0.027025004848837852
2435.0,3.086576223373413,0.19653016328811646,-2.8900458812713623,0.1688685417175293,3.086576223373413,0.027661623433232307
2440.0,3.0720605850219727,0.16665232181549072,-2.9054083824157715,0.13845668733119965,3.0720605850219727,0.02819562517106533
2445.0,3.050278902053833,0.1352023333311081,-2.915076732635498,0.10658105462789536,3.050278902053833,0.028621282428503036
2450.0,3.021395683288574,0.10246369987726212,-2.9189319610595703,0.07352960854768753,3.021395683288574,0.028934089466929436
2455.0,2.985649824142456,0.06873652338981628,-2.9169132709503174,0.03960587456822395,2.985649824142456,0.029130645096302032
2460.0,2.943312644958496,0.03431939333677292,-2.9089932441711426,0.005111139267683029,2.943312644958496,0.02920825220644474
2465.0,2.8947274684906006,-0.0004775412380695343,-2.895205020904541,-0.02964295819401741,2.8947274684906006,0.029165415093302727
2470.0,2.8403241634368896,-0.03532988578081131,-2.8756539821624756,-0.06433193385601044,2.8403241634368896,0.029002049937844276
2475.0,2.780561923980713,-0.069918692111969,-2.850480794906616,-0.09863753616809845,2.780561923980713,0.028718838468194008
2480.0,2.715939521789551,-0.10392899066209793,-2.819868564605713,-0.13224638998508453,2.715939521789551,0.02831740491092205
2485.0,2.6470448970794678,-0.13703930377960205,-2.7840840816497803,-0.16484037041664124,2.6470448970794678,0.027801062911748886
2490.0,2.5744903087615967,-0.1689387410879135,-2.743428945541382,-0.19611267745494843,2.5744903087615967,0.02717393822968006
2495.0,2.4989023208618164,-0.19932961463928223,-2.6982319355010986,-0.22577042877674103,2.4989023208618164,0.026440821588039398
2500.0,2.4209835529327393,-0.22792035341262817,-2.6489038467407227,-0.2535286247730255,2.4209835529327393,0.02560826949775219
